SET SQL_MODE = "NO_AUTO_VALUE_ON_ZERO";
START TRANSACTION;
SET time_zone = "+00:00";

INSERT INTO `canton` (`id`, `nom`) VALUES
(1, 'Pilat'),
(2, 'Region de Saint Étienne'),
(3, 'Velay'),
(4, 'Roannais'),
(5, 'Mezenc'),
(6, 'Brivadois'),
(7, 'Margeride'),
(8, 'Forez');

INSERT INTO `categorie` (`id`, `libelle`) VALUES
(6, 'Mobilier'),
(7, 'Textiles');

INSERT INTO `config` (`id`, `cle_publique_stripe`, `cle_privee_stripe`) VALUES
(1, NULL, NULL);

INSERT INTO `region` (`id`, `nom`) VALUES
(1, 'Auvergne-Rhône-Alpes');

INSERT INTO `departement` (`id`, `no_departement`, `nom`, `region_id`) VALUES
(42, 42, 'Loire', 1),
(43, 43, 'Haute-Loire', 1);

INSERT INTO `ville` (`id`, `canton_id`, `departement_id`, `nom`, `code_postal`, `longitude`, `latitude`) VALUES
(16028, 4, 42, 'LA COTE-EN-COUZAN', '42111', 3.81667, 45.7833),
(16029, 8, 42, 'PERIGNEUX', '42380', 4.16667, 45.4333),
(16030, 8, 42, 'PONCINS', '42110', 4.16667, 45.7333),
(16031, 1, 42, 'MACLAS', '42520', 4.68333, 45.35),
(16032, 2, 42, 'RIVE-DE-GIER', '42800', 4.61667, 45.5333),
(16033, 2, 42, 'FIRMINY', '42700', 4.3, 45.3833),
(16034, 8, 42, 'CHAZELLES-SUR-LAVIEU', '42560', 4, 45.5333),
(16035, 2, 42, 'CHATELNEUF', '42940', 4, 45.6333),
(16036, 8, 42, 'COTTANCE', '42360', 4.3, 45.8),
(16037, 2, 42, 'SAINT-GENEST-LERPT', '42530', 4.33333, 45.45),
(16038, 8, 42, 'LURIECQ', '42380', 4.06667, 45.45),
(16039, 2, 42, 'CALOIRE', '42240', 4.23333, 45.4167),
(16040, 8, 42, 'CHENEREILLES', '42560', 4.08333, 45.4833),
(16041, 2, 42, 'SAINT-PAUL-EN-CORNILLON', '42240', 4.23333, 45.4),
(16042, 4, 42, 'ARCON', '42370', 3.9, 46),
(16043, 4, 42, 'SAINT-JULIEN-LA-VETRE', '42440', 3.81667, 45.8167),
(16044, 4, 42, 'CREMEAUX', '42260', 3.93333, 45.9),
(16045, 2, 42, 'CELLIEU', '42320', 4.53333, 45.5167),
(16046, 4, 42, 'CHAUSSETERRE', '42430', 3.78333, 45.9),
(16047, 4, 42, 'SAINT-FORGEUX-LESPINASSE', '42640', 3.93333, 46.1167),
(16048, 8, 42, 'LEIGNEUX', '42130', 3.98333, 45.75),
(16049, 2, 42, 'CHIRASSIMONT', '42114', 4.28333, 45.9167),
(16050, 4, 42, 'LA CHAMBA', '42440', 3.76667, 45.75),
(16051, 8, 42, 'SAINT-LAURENT-ROCHEFORT', '42130', 3.91667, 45.7667),
(16052, 8, 42, 'L\'HOPITAL-LE-GRAND', '42210', 4.2, 45.6),
(16053, 4, 42, 'ARCINGES', '42460', 4.28333, 46.1333),
(16054, 8, 42, 'MARINGES', '42140', 4.35, 45.65),
(16055, 8, 42, 'UNIAS', '42210', 4.21667, 45.6),
(16056, 8, 42, 'SAINT-GALMIER', '42330', 4.31667, 45.5833),
(16057, 8, 42, 'VERRIERES-EN-FOREZ', '42600', 4, 45.5667),
(16058, 2, 42, 'LA TALAUDIERE', '42350', 4.43333, 45.4833),
(16059, 4, 42, 'LA BENISSON-DIEU', '42720', 4.04556, 46.15),
(16060, 4, 42, 'RENAISON', '42370', 3.93333, 46.05),
(16061, 4, 42, 'SAINT-PIERRE-LA-NOAILLE', '42190', 4.1, 46.1833),
(16062, 8, 42, 'MARCLOPT', '42210', 4.2, 45.6667),
(16063, 8, 42, 'BOEN', '42130', 3.98333, 45.7333),
(16064, 2, 42, 'UNIEUX', '42240', 4.26667, 45.4),
(16065, 4, 42, 'VOUGY', '42720', 4.11889, 46.1034),
(16066, 4, 42, 'VIVANS', '42310', 3.95, 46.1833),
(16067, 4, 42, 'ECOCHE', '42670', 4.3, 46.15),
(16068, 4, 42, 'NOTRE-DAME-DE-BOISSET', '42120', 4.13333, 46),
(16069, 8, 42, 'SAINT-ANDRE-LE-PUY', '42210', 4.26667, 45.65),
(16070, 8, 42, 'ESSERTINES-EN-DONZY', '42360', 4.35, 45.75),
(16071, 4, 42, 'MAIZILLY', '42750', 4.25, 46.1833),
(16072, 2, 42, 'SAUVAIN', '42990', 3.9, 45.6667),
(16073, 4, 42, 'SAINT-ANDRE-D\'APCHON', '42370', 3.93333, 46.0333),
(16074, 8, 42, 'CHALAIN-LE-COMTAL', '42600', 4.16667, 45.65),
(16075, 4, 42, 'LE CERGNE', '42460', 4.31667, 46.1167),
(16076, 2, 42, 'GENILAC', '42800', 4.58167, 45.5323),
(16077, 2, 42, 'SAINT-SYMPHORIEN-DE-LAY', '42470', 4.21667, 45.95),
(16078, 8, 42, 'SAINT-MARCEL-DE-FELINES', '42122', 4.18333, 45.8667),
(16079, 4, 42, 'NANDAX', '42720', 4.16667, 46.1),
(16080, 8, 42, 'MARCOUX', '42130', 4.01667, 45.7167),
(16081, 4, 42, 'CUINZIER', '42460', 4.28333, 46.1333),
(16082, 1, 42, 'SAINT-PIERRE-DE-BOEUF', '42520', 4.75, 45.3667),
(16083, 2, 42, 'SAINT-PRIEST-LA-ROCHE', '42590', 4.1, 45.9167),
(16084, 4, 42, 'SAINT-GERMAIN-LA-MONTAGNE', '42670', 4.38333, 46.2),
(16085, 8, 42, 'CHALAIN-D\'UZORE', '42600', 4.08333, 45.6667),
(16086, 4, 42, 'POUILLY-SOUS-CHARLIEU', '42720', 4.11667, 46.15),
(16087, 4, 42, 'SAINT-JEAN-SAINT-MAURICE-SUR-LOIRE', '42155', 4.00195, 45.9659),
(16088, 4, 42, 'SAINT-HAON-LE-VIEUX', '42370', 3.91667, 46.0667),
(16089, 8, 42, 'CHAMPDIEU', '42600', 4.05, 45.65),
(16090, 4, 42, 'GREZOLLES', '42260', 3.95111, 45.8634),
(16091, 8, 42, 'VEAUCHE', '42340', 4.28333, 45.55),
(16092, 2, 42, 'SAINT-CYR-DE-FAVIERES', '42132', 4.1, 45.9667),
(16093, 8, 42, 'AVEIZIEUX', '42330', 4.38333, 45.5667),
(16094, 8, 42, 'CIVENS', '42110', 4.25, 45.7833),
(16095, 2, 42, 'SORBIERS', '42290', 4.45, 45.4833),
(16096, 2, 42, 'CHALMAZEL', '42920', 3.85, 45.7),
(16097, 8, 42, 'VEAUCHETTE', '42340', 4.26667, 45.5667),
(16098, 8, 42, 'SAINT-MEDARD-EN-FOREZ', '42330', 4.36667, 45.6),
(16099, 2, 42, 'TARTARAS', '42800', 4.66667, 45.55),
(16100, 1, 42, 'MALLEVAL', '42520', 4.725, 45.3833),
(16101, 1, 42, 'GRAIX', '42220', 4.56667, 45.35),
(16102, 4, 42, 'SAINT-PRIEST-LA-VETRE', '42440', 3.8, 45.8),
(16103, 8, 42, 'MONTROND-LES-BAINS', '42210', 4.23333, 45.6333),
(16104, 1, 42, 'COLOMBIER', '42220', 4.6, 45.3378),
(16105, 8, 42, 'CRAINTILLEUX', '42210', 4.23333, 45.5833),
(16106, 4, 42, 'SAINT-THURIN', '42111', 3.86667, 45.8167),
(16107, 8, 42, 'AILLEUX', '42130', 3.95, 45.8),
(16108, 8, 42, 'L\'HOPITAL-SOUS-ROCHEFORT', '42130', 3.93361, 45.7739),
(16109, 8, 42, 'VALEILLE', '42110', 4.30695, 45.7075),
(16110, 1, 42, 'BOURG-ARGENTAL', '42220', 4.55, 45.3),
(16111, 8, 42, 'ARTHUN', '42130', 4.03333, 45.7667),
(16112, 4, 42, 'SAINT-MARTIN-D\'ESTREAUX', '42620', 3.8, 46.2),
(16113, 8, 42, 'MONTBRISON', '42600', 4.05, 45.6),
(16114, 8, 42, 'MORNAND-EN-FOREZ', '42600', 4.13333, 45.6833),
(16115, 8, 42, 'CHAMBOEUF', '42330', 4.31667, 45.5833),
(16116, 8, 42, 'BUSSIERES', '42510', 4.26667, 45.8333),
(16117, 4, 42, 'LENTIGNY', '42155', 3.98333, 46),
(16118, 8, 42, 'SAINT-MAURICE-EN-GOURGOIS', '42240', 4.18333, 45.4),
(16119, 4, 42, 'SAINT-DENIS-DE-CABANNE', '42750', 4.21667, 46.1667),
(16120, 8, 42, 'MAGNEUX-HAUTE-RIVE', '42600', 4.16667, 45.6667),
(16121, 4, 42, 'CHANGY', '42310', 3.9, 46.15),
(16122, 8, 42, 'SALT-EN-DONZY', '42110', 4.28333, 45.7333),
(16123, 2, 42, 'SAINTE-CROIX-EN-JAREZ', '42800', 4.65, 45.4833),
(16124, 2, 42, 'SAINT-ETIENNE', '42000', 4.4, 45.4333),
(16125, 1, 42, 'VERIN', '42410', 4.75, 45.45),
(16126, 2, 42, 'SAINT-ROMAIN-EN-JAREZ', '42800', 4.51667, 45.55),
(16127, 2, 42, 'SAINT-JEAN-BONNEFONDS', '42650', 4.45, 45.45),
(16128, 8, 42, 'CUZIEU', '42330', 4.26667, 45.6167),
(16129, 4, 42, 'SAINT-ROMAIN-LA-MOTTE', '42640', 3.98333, 46.0833),
(16130, 8, 42, 'SURY-LE-COMTAL', '42450', 4.16667, 45.5333),
(16131, 1, 42, 'SAINT-MICHEL-SUR-RHONE', '42410', 4.75, 45.45),
(16132, 8, 42, 'ANDREZIEUX-BOUTHEON', '42160', 4.26028, 45.5262),
(16133, 4, 42, 'NOIRETABLE', '42440', 3.76667, 45.8167),
(16134, 2, 42, 'L\'HORME', '42152', 4.55, 45.4833),
(16135, 8, 42, 'BALBIGNY', '42510', 4.18333, 45.8167),
(16136, 8, 42, 'SAINT-CYR-DE-VALORGES', '42114', 4.30833, 45.8917),
(16137, 4, 42, 'OUCHES', '42155', 3.98333, 46.0167),
(16138, 8, 42, 'CHAMBLES', '42170', 4.23333, 45.45),
(16139, 4, 42, 'LE CROZET', '42310', 3.855, 46.1706),
(16140, 1, 42, 'TARENTAISE', '42660', 4.5, 45.3667),
(16141, 8, 42, 'SAINT-HILAIRE-CUSSON-LA-VALMITTE', '42380', 4.04195, 45.3687),
(16142, 1, 42, 'BURDIGNES', '42220', 4.56667, 45.2667),
(16143, 8, 42, 'BARD', '42600', 4.01667, 45.5833),
(16144, 4, 42, 'SAINT-PRIEST-LA-PRUGNE', '42830', 3.75, 45.9667),
(16145, 8, 42, 'APINAC', '42550', 4, 45.3833),
(16146, 8, 42, 'TRELINS', '42130', 4.01667, 45.7333),
(16147, 8, 42, 'VIRICELLES', '42140', 4.38333, 45.65),
(16148, 8, 42, 'MARCILLY-LE-CHATEL', '42130', 4.03723, 45.695),
(16149, 8, 42, 'SAINT-BONNET-LES-OULES', '42330', 4.33333, 45.55),
(16150, 4, 42, 'PERREUX', '42120', 4.11667, 46.0333),
(16151, 2, 42, 'SAINT-VICTOR-SUR-RHINS', '42630', 4.28333, 46),
(16152, 4, 42, 'CHARLIEU', '42190', 4.18333, 46.15),
(16153, 2, 42, 'LE CHAMBON-FEUGEROLLES', '42500', 4.31667, 45.4),
(16154, 2, 42, 'SAINT-CHRISTO-EN-JAREZ', '42320', 4.48333, 45.55),
(16155, 8, 42, 'ROCHE', '42600', 3.95, 45.6167),
(16156, 2, 42, 'FARNAY', '42320', 4.6, 45.5),
(16157, 8, 42, 'SAINT-BARTHELEMY-LESTRA', '42110', 4.33333, 45.7167),
(16158, 2, 42, 'LA VALLA-EN-GIER', '42131', 4.51667, 45.4167),
(16159, 8, 42, 'SAINT-MARTIN-LESTRA', '42110', 4.35, 45.7167),
(16160, 8, 42, 'JAS', '42110', 4.31667, 45.75),
(16161, 1, 42, 'MARLHES', '42660', 4.4, 45.2833),
(16162, 8, 42, 'ECOTAY-L\'OLME', '42600', 4.05, 45.5833),
(16163, 4, 42, 'LURE', '42260', 3.93333, 45.8833),
(16164, 8, 42, 'SOLEYMIEUX', '42560', 4.05, 45.5167),
(16165, 8, 42, 'SAINTE-COLOMBE-SUR-GAND', '42540', 4.26667, 45.8833),
(16166, 8, 42, 'SAINT-ROMAIN-LE-PUY', '42610', 4.11667, 45.55),
(16167, 8, 42, 'CEZAY', '42130', 3.96667, 45.8),
(16168, 8, 42, 'LA GIMOND', '42140', 4.41667, 45.55),
(16169, 8, 42, 'BONSON', '42160', 4.23333, 45.5167),
(16170, 8, 42, 'MONTARCHER', '42380', 4, 45.45),
(16171, 4, 42, 'SAINT-NIZIER-SOUS-CHARLIEU', '42190', 4.13333, 46.15),
(16172, 8, 42, 'SAINT-GEORGES-HAUTE-VILLE', '42610', 4.1, 45.55),
(16173, 2, 42, 'SAINT-PAUL-EN-JAREZ', '42740', 4.58333, 45.4833),
(16174, 4, 42, 'SAIL-LES-BAINS', '42310', 3.85, 46.2333),
(16175, 4, 42, 'SAINT-BONNET-DES-QUARTS', '42310', 3.85, 46.1333),
(16176, 4, 42, 'SAINT-MARCEL-D\'URFE', '42430', 3.88333, 45.8667),
(16177, 4, 42, 'BOYER', '42460', 4.21667, 46.1),
(16178, 8, 42, 'VIRIGNEUX', '42140', 4.35, 45.6833),
(16179, 8, 42, 'CHAZELLES-SUR-LYON', '42140', 4.38333, 45.6333),
(16180, 8, 42, 'DEBATS-RIVIERE-D\'ORPRA', '42130', 3.93861, 45.76),
(16181, 8, 42, 'SAINT-CYPRIEN', '42160', 4.23333, 45.5333),
(16182, 8, 42, 'LA CHAPELLE-EN-LAFAYE', '42380', 3.98333, 45.4667),
(16183, 2, 42, 'SAINT-JUST-EN-BAS', '42136', 3.88333, 45.7333),
(16184, 4, 42, 'AMBIERLE', '42820', 3.9, 46.1),
(16185, 4, 42, 'SAINT-GERMAIN-LAVAL', '42260', 4.01667, 45.8333),
(16186, 2, 42, 'SAINT-BONNET-LE-COURREAU', '42940', 3.95, 45.6667),
(16187, 2, 42, 'PRADINES', '42630', 4.18333, 46),
(16188, 4, 42, 'SAINT-RIRAND', '42370', 3.85, 46.0667),
(16189, 4, 42, 'VILLEMONTAIS', '42155', 3.95, 45.9833),
(16190, 4, 42, 'LES NOES', '42370', 3.85195, 46.0412),
(16191, 1, 42, 'BESSEY', '42520', 4.7, 45.3833),
(16192, 4, 42, 'LE COTEAU', '42120', 4.08333, 46.0333),
(16193, 2, 42, 'SAINT-CHAMOND', '42400', 4.5, 45.4667),
(16194, 4, 42, 'LA TUILIERE', '42830', 3.8, 45.9417),
(16195, 8, 42, 'ESTIVAREILLES', '42380', 4.01667, 45.4167),
(16196, 2, 42, 'CHATEAUNEUF', '42800', 4.62473, 45.522),
(16197, 8, 42, 'SAINT-BONNET-LE-CHATEAU', '42380', 4.06667, 45.4167),
(16198, 8, 42, 'BOISSET-SAINT-PRIEST', '42560', 4.11667, 45.5167),
(16199, 2, 42, 'CROIZET-SUR-GAND', '42540', 4.23333, 45.9167),
(16200, 2, 42, 'FRAISSES', '42490', 4.26612, 45.3878),
(16201, 8, 42, 'GRAMMOND', '42140', 4.43333, 45.5667),
(16202, 4, 42, 'SAINT-VINCENT-DE-BOISSET', '42120', 4.11667, 46),
(16203, 1, 42, 'SAINT-SAUVEUR-EN-RUE', '42220', 4.5, 45.2667),
(16204, 2, 42, 'DARGOIRE', '42800', 4.66806, 45.5603),
(16205, 1, 42, 'SAINT-APPOLINARD', '42520', 4.65, 45.3417),
(16206, 8, 42, 'MIZERIEUX', '42110', 4.16667, 45.8),
(16207, 8, 42, 'BUSSY-ALBIEUX', '42260', 4.03333, 45.8),
(16208, 4, 42, 'CHAMPOLY', '42430', 3.83333, 45.85),
(16209, 8, 42, 'SAVIGNEUX', '42600', 4.08333, 45.6167),
(16210, 8, 42, 'SAINTE-AGATHE-LA-BOUTERESSE', '42130', 4.055, 45.7342),
(16211, 4, 42, 'SAINT-LEGER-SUR-ROANNE', '42155', 4, 46.0333),
(16212, 4, 42, 'SAINT-JULIEN-D\'ODDES', '42260', 4, 45.85),
(16213, 8, 42, 'MAROLS', '42560', 4.05, 45.4833),
(16214, 4, 42, 'COMBRE', '42840', 4.26667, 46.0333),
(16215, 1, 42, 'THELIS-LA-COMBE', '42220', 4.55, 45.3167),
(16216, 4, 42, 'LA GRESLE', '42460', 4.28333, 46.0667),
(16217, 2, 42, 'MACHEZAL', '42114', 4.31667, 45.9167),
(16218, 8, 42, 'LEZIGNEUX', '42600', 4.06667, 45.5667),
(16219, 8, 42, 'SAINT-JUST-SAINT-RAMBERT', '42170', 4.24, 45.4995),
(16220, 8, 42, 'LERIGNEUX', '42600', 3.96667, 45.6),
(16221, 2, 42, 'CHAGNON', '42800', 4.55, 45.5333),
(16222, 1, 42, 'PLANFOY', '42660', 4.45, 45.3833),
(16223, 2, 42, 'SAIL-SOUS-COUZAN', '42890', 3.95, 45.7333),
(16224, 4, 42, 'SAINT-POLGUES', '42260', 3.98333, 45.9167),
(16225, 1, 42, 'LA VERSANNE', '42220', 4.53333, 45.3167),
(16226, 2, 42, 'LA GRAND-CROIX', '42320', 4.55, 45.5),
(16227, 1, 42, 'VERANNE', '42520', 4.66667, 45.3667),
(16228, 2, 42, 'MARCENOD', '42140', 4.5, 45.5667),
(16229, 8, 42, 'POUILLY-LES-FEURS', '42110', 4.23333, 45.8),
(16230, 2, 42, 'SAINT-MARTIN-LA-PLAINE', '42800', 4.6, 45.5333),
(16231, 8, 42, 'SAINTE-AGATHE-EN-DONZY', '42510', 4.31667, 45.8333),
(16232, 4, 42, 'LA CHAMBONIE', '42440', 3.75, 45.75),
(16233, 4, 42, 'VILLEREST', '42300', 4.03667, 45.9934),
(16234, 2, 42, 'SAINT-PRIEST-EN-JAREZ', '42270', 4.36667, 45.4667),
(16235, 4, 42, 'MONTAGNY', '42840', 4.23584, 46.0328),
(16236, 8, 42, 'LAVIEU', '42560', 4.03333, 45.5333),
(16237, 1, 42, 'CHAVANAY', '42410', 4.73333, 45.4167),
(16238, 8, 42, 'SALVIZINET', '42110', 4.26667, 45.7667),
(16239, 8, 42, 'SAINT-CYR-LES-VIGNES', '42210', 4.3, 45.6833),
(16240, 8, 42, 'GUMIERES', '42560', 3.98333, 45.5333),
(16241, 4, 42, 'POUILLY-LES-NONAINS', '42155', 3.98333, 46.0333),
(16242, 8, 42, 'PANISSIERES', '42360', 4.33333, 45.7833),
(16243, 4, 42, 'AMIONS', '42260', 4.03333, 45.8833),
(16244, 1, 42, 'PELUSSIN', '42410', 4.68333, 45.4167),
(16245, 4, 42, 'SAINT-ROMAIN-D\'URFE', '42430', 3.83333, 45.8833),
(16246, 4, 42, 'MARS', '42750', 4.24639, 46.1531),
(16247, 4, 42, 'SAINT-MARTIN-LA-SAUVETE', '42260', 3.91667, 45.8333),
(16248, 8, 42, 'CHAMBEON', '42110', 4.18333, 45.7),
(16249, 8, 42, 'SAINT-PAUL-D\'UZORE', '42600', 4.08333, 45.6667),
(16250, 4, 42, 'SAINT-HAON-LE-CHATEL', '42370', 3.91667, 46.0667),
(16251, 8, 42, 'SAINT-THOMAS-LA-GARDE', '42600', 4.08333, 45.5667),
(16252, 1, 42, 'JONZIEUX', '42660', 4.36667, 45.3167),
(16253, 4, 42, 'SAINT-PAUL-DE-VEZELIN', '42590', 4.08333, 45.8833),
(16254, 8, 42, 'ROZIER-EN-DONZY', '42810', 4.28333, 45.8),
(16255, 8, 42, 'MONTVERDUN', '42130', 4.06667, 45.7167),
(16256, 8, 42, 'ESSERTINES-EN-CHATELNEUF', '42600', 4, 45.6167),
(16257, 8, 42, 'SAINTE-FOY-SAINT-SULPICE', '42110', 4.13333, 45.7667),
(16258, 8, 42, 'BOISSET-LES-MONTROND', '42210', 4.2, 45.6167),
(16259, 4, 42, 'URBISE', '42310', 3.9, 46.25),
(16260, 8, 42, 'ABOEN', '42380', 4.13333, 45.4167),
(16261, 2, 42, 'LA TOUR-EN-JAREZ', '42580', 4.4, 45.4833),
(16262, 1, 42, 'SAINT-REGIS-DU-COIN', '42660', 4.45, 45.2833),
(16263, 8, 42, 'SAINT-SIXTE', '42130', 3.98333, 45.7833),
(16264, 2, 42, 'LA FOUILLOUSE', '42480', 4.31667, 45.5),
(16265, 8, 42, 'BELLEGARDE-EN-FOREZ', '42210', 4.3, 45.65),
(16266, 2, 42, 'SAINT-JOSEPH', '42800', 4.61667, 45.55),
(16267, 2, 42, 'JEANSAGNIERE', '42920', 3.83333, 45.7333),
(16268, 8, 42, 'SAINT-JEAN-SOLEYMIEUX', '42560', 4.03333, 45.5),
(16269, 2, 42, 'DOIZIEUX', '42740', 4.58333, 45.4167),
(16270, 8, 42, 'SAINT-ETIENNE-LE-MOLARD', '42130', 4.08333, 45.7333),
(16271, 8, 42, 'RIVAS', '42340', 4.25, 45.5833),
(16272, 4, 42, 'JARNOSSE', '42460', 4.23333, 46.1),
(16273, 1, 42, 'LUPE', '42520', 4.71667, 45.3667),
(16274, 4, 42, 'MABLY', '42300', 4.06667, 46.0833),
(16275, 2, 42, 'L\'ETRAT', '42580', 4.38333, 45.4833),
(16276, 4, 42, 'SAINT-GEORGES-DE-BAROILLE', '42510', 4.13333, 45.85),
(16277, 4, 42, 'BRIENNON', '42720', 4.08333, 46.15),
(16278, 8, 42, 'PRECIEUX', '42600', 4.15111, 45.5864),
(16279, 8, 42, 'MARGERIE-CHANTAGRET', '42560', 4.06667, 45.5333),
(16280, 1, 42, 'LA CHAPELLE-VILLARS', '42410', 4.71667, 45.4667),
(16281, 8, 42, 'MERLE-LEIGNEC', '42380', 4.0175, 45.3748),
(16282, 4, 42, 'SOUTERNON', '42260', 4, 45.8667),
(16283, 2, 42, 'LA RICAMARIE', '42150', 4.36667, 45.4),
(16284, 8, 42, 'PINAY', '42590', 4.15, 45.8667),
(16285, 1, 42, 'ROISEY', '42520', 4.67195, 45.3875),
(16286, 8, 42, 'NERONDE', '42510', 4.23333, 45.8333),
(16287, 1, 42, 'LE BESSAT', '42660', 4.51667, 45.3667),
(16288, 4, 42, 'BELMONT-DE-LA-LOIRE', '42670', 4.35, 46.1667),
(16289, 4, 42, 'CERVIERES', '42440', 3.78333, 45.85),
(16290, 8, 42, 'USSON-EN-FOREZ', '42550', 3.93333, 45.3833),
(16291, 1, 42, 'SAINT-JULIEN-MOLIN-MOLETTE', '42220', 4.61667, 45.3167),
(16292, 4, 42, 'CHERIER', '42430', 3.91667, 45.9667),
(16293, 4, 42, 'LA PACAUDIERE', '42310', 3.86667, 46.1833),
(16294, 2, 42, 'ROCHE-LA-MOLIERE', '42230', 4.31667, 45.4333),
(16295, 8, 42, 'CHEVRIERES', '42140', 4.4, 45.5833),
(16296, 8, 42, 'MONTCHAL', '42360', 4.31473, 45.8259),
(16297, 1, 42, 'CHUYER', '42410', 4.7, 45.45),
(16298, 8, 42, 'CHATELUS', '42140', 4.46667, 45.6),
(16299, 2, 42, 'SAINT-HEAND', '42570', 4.36667, 45.5167),
(16300, 8, 42, 'SAINT-NIZIER-DE-FORNAS', '42380', 4.08333, 45.4),
(16301, 4, 42, 'PARIGNY', '42120', 4.1, 45.9833),
(16302, 4, 42, 'SAINT-HILAIRE-SOUS-CHARLIEU', '42190', 4.2, 46.1167),
(16303, 4, 42, 'SAINT-JEAN-LA-VETRE', '42440', 3.8, 45.7833),
(16304, 2, 42, 'PALOGNEUX', '42890', 3.91667, 45.75),
(16305, 4, 42, 'NOLLIEUX', '42260', 4, 45.8167),
(16306, 8, 42, 'SAINT-MARCELLIN-EN-FOREZ', '42680', 4.16667, 45.4833),
(16307, 8, 42, 'NERVIEUX', '42510', 4.15, 45.8),
(16308, 8, 42, 'PRALONG', '42600', 4.03333, 45.6667),
(16309, 8, 42, 'ROZIER-COTES-D\'AUREC', '42380', 4.11667, 45.3667),
(16310, 4, 42, 'COMMELLE-VERNAY', '42120', 4.06667, 46),
(16311, 4, 42, 'VILLERS', '42460', 4.23333, 46.1167),
(16312, 4, 42, 'SAINT-DIDIER-SUR-ROCHEFORT', '42111', 3.85, 45.7833),
(16313, 2, 42, 'CORDELLE', '42123', 4.06667, 45.95),
(16314, 4, 42, 'SAINT-GERMAIN-LESPINASSE', '42640', 3.9625, 46.1031),
(16315, 2, 42, 'REGNY', '42630', 4.21667, 45.9833),
(16316, 8, 42, 'SAINT-DENIS-SUR-COISE', '42140', 4.43333, 45.6167),
(16317, 2, 42, 'NEAUX', '42470', 4.18333, 45.9667),
(16318, 8, 42, 'LA TOURETTE', '42380', 4.08445, 45.4148),
(16319, 8, 42, 'VIOLAY', '42780', 4.35, 45.85),
(16320, 2, 42, 'LAY', '42470', 4.21667, 45.95),
(16321, 4, 42, 'CHANDON', '42190', 4.21667, 46.15),
(16322, 2, 42, 'VILLARS', '42390', 4.35, 45.4667),
(16323, 4, 42, 'SAINT-ALBAN-LES-EAUX', '42370', 3.93333, 46),
(16324, 4, 42, 'DANCE', '42260', 4.03333, 45.9),
(16325, 4, 42, 'BELLEROCHE', '42670', 4.41667, 46.1667),
(16326, 4, 42, 'ROANNE', '42300', 4.06889, 46.0367),
(16327, 2, 42, 'PAVEZIN', '42410', 4.66667, 45.4667),
(16328, 2, 42, 'VALFLEURY', '42320', 4.5, 45.5167),
(16329, 4, 42, 'LES SALLES', '42440', 3.79361, 45.8478),
(16330, 2, 42, 'NEULISE', '42590', 4.18333, 45.9),
(16331, 2, 42, 'VENDRANGES', '42590', 4.13333, 45.9333),
(16332, 4, 42, 'JURE', '42430', 3.88333, 45.8833),
(16333, 8, 42, 'GREZIEUX-LE-FROMENTAL', '42600', 4.15, 45.6167),
(16334, 1, 42, 'SAINT-ROMAIN-LES-ATHEUX', '42660', 4.38333, 45.35),
(16335, 2, 42, 'FOURNEAUX', '42470', 4.26945, 45.937),
(16336, 4, 42, 'COUTOUVRE', '42460', 4.21667, 46.0667),
(16337, 8, 42, 'CLEPPE', '42110', 4.18333, 45.7667),
(16338, 8, 42, 'EPERCIEUX-SAINT-PAUL', '42110', 4.21667, 45.8),
(16339, 8, 42, 'FEURS', '42110', 4.23333, 45.75),
(16340, 8, 42, 'SAINT-JODARD', '42590', 4.13333, 45.8833),
(16341, 4, 42, 'RIORGES', '42153', 4.03333, 46.0333),
(16342, 4, 42, 'LA VALLA-SUR-ROCHEFORT', '42111', 3.85, 45.75),
(16343, 2, 42, 'LORETTE', '42420', 4.58333, 45.5167),
(16344, 2, 42, 'LA TERRASSE-SUR-DORLAY', '42740', 4.58333, 45.45),
(16345, 4, 42, 'SAINT-JUST-EN-CHEVALET', '42430', 3.85, 45.9167),
(16346, 1, 42, 'SAINT-GENEST-MALIFAUX', '42660', 4.41667, 45.3333),
(16347, 4, 42, 'BULLY', '42260', 4, 45.9333),
(16348, 4, 42, 'NOAILLY', '42640', 4.01667, 46.1333),
(16349, 2, 42, 'SAINT-JUST-LA-PENDUE', '42540', 4.25, 45.9),
(16350, 2, 42, 'SAINT-GEORGES-EN-COUZAN', '42990', 3.93333, 45.7),
(16351, 4, 42, 'POMMIERS', '42260', 4.06667, 45.8333),
(16352, 4, 42, 'SEVELINGES', '42460', 4.3, 46.1),
(16353, 8, 42, 'SAINT-LAURENT-LA-CONCHE', '42210', 4.2, 45.6833),
(16354, 2, 42, 'FONTANES', '42140', 4.43333, 45.55),
(16355, 3, 43, 'BLAVOZY', '43700', 3.95, 45.05),
(16356, 6, 43, 'DESGES', '43300', 3.46667, 45.0167),
(16357, 7, 43, 'VISSAC-AUTEYRAC', '43300', 3.60973, 45.122),
(16358, 3, 43, 'LOUDES', '43320', 3.75, 45.0833),
(16359, 3, 43, 'SAINT-JEURES', '43200', 4.2, 45.1),
(16360, 3, 43, 'LA CHAPELLE-GENESTE', '43160', 3.66667, 45.35),
(16361, 6, 43, 'VIEILLE-BRIOUDE', '43100', 3.41667, 45.2667),
(16362, 5, 43, 'SAINT-JULIEN-CHAPTEUIL', '43260', 4.06667, 45.0333),
(16363, 6, 43, 'GRENIER-MONTGON', '43450', 3.21667, 45.2833),
(16364, 3, 43, 'VAZEILLES-LIMANDRE', '43320', 3.66667, 45.1167),
(16365, 3, 43, 'TENCE', '43190', 4.28333, 45.1167),
(16366, 6, 43, 'FONTANNES', '43100', 3.425, 45.2917),
(16367, 3, 43, 'BLANZAC', '43350', 3.85, 45.1167),
(16368, 3, 43, 'BORNE', '43350', 3.78333, 45.1),
(16369, 3, 43, 'LE CHAMBON-SUR-LIGNON', '43400', 4.3, 45.05),
(16370, 6, 43, 'BLASSAC', '43380', 3.41667, 45.1667),
(16371, 5, 43, 'MOUDEYRES', '43150', 4.11667, 44.95),
(16372, 6, 43, 'CHASSIGNOLLES', '43440', 3.5, 45.4),
(16373, 6, 43, 'SAINT-PREJET-D\'ALLIER', '43580', 3.61667, 44.9167),
(16374, 3, 43, 'MONISTROL-SUR-LOIRE', '43120', 4.16667, 45.2833),
(16375, 3, 43, 'BOISSET', '43500', 3.98333, 45.3167),
(16376, 6, 43, 'BEAUMONT', '43100', 3.34239, 45.3167),
(16377, 6, 43, 'AZERAT', '43390', 3.38333, 45.3667),
(16378, 6, 43, 'VAZEILLES-PRES-SAUGUES', '43580', 3.58333, 44.9),
(16379, 6, 43, 'TORSIAC', '43450', 3.23333, 45.35),
(16380, 6, 43, 'JOSAT', '43230', 3.6, 45.2167),
(16381, 3, 43, 'SOLIGNAC-SOUS-ROCHE', '43130', 4, 45.25),
(16382, 7, 43, 'PEBRAC', '43300', 3.51667, 45.0333),
(16383, 6, 43, 'ALLY', '43380', 3.30833, 45.1583),
(16384, 3, 43, 'BEAULIEU', '43800', 3.94195, 45.1281),
(16385, 3, 43, 'POLIGNAC', '43770', 3.86667, 45.0667),
(16386, 3, 43, 'SAINT-GENEYS-PRES-SAINT-PAULIEN', '43350', 3.81667, 45.15),
(16387, 7, 43, 'SAINT-JULIEN-DES-CHAZES', '43300', 3.58333, 45.05),
(16388, 6, 43, 'LEOTOING', '43410', 3.23333, 45.3667),
(16389, 6, 43, 'MONISTROL-D\'ALLIER', '43580', 3.63333, 44.95),
(16390, 6, 43, 'VENTEUGES', '43170', 3.51667, 44.9833),
(16391, 3, 43, 'CHOMELIX', '43500', 3.83333, 45.2667),
(16392, 5, 43, 'SAINT-MARTIN-DE-FUGERES', '43150', 3.93333, 44.9),
(16393, 3, 43, 'LE BRIGNON', '43370', 3.88333, 44.9333),
(16394, 6, 43, 'BRIOUDE', '43100', 3.4, 45.3),
(16395, 6, 43, 'SAINTE-FLORINE', '43250', 3.33333, 45.4),
(16396, 5, 43, 'LAUSSONNE', '43150', 4.05, 44.9667),
(16397, 6, 43, 'COUTEUGES', '43230', 3.51667, 45.1833),
(16398, 6, 43, 'AUTRAC', '43450', 3.13333, 45.3333),
(16399, 3, 43, 'GRAZAC', '43200', 4.18333, 45.1833),
(16400, 3, 43, 'BONNEVAL', '43160', 3.75, 45.3167),
(16401, 3, 43, 'SAINT-PAULIEN', '43350', 3.81667, 45.1333),
(16402, 3, 43, 'SEMBADEL', '43160', 3.68333, 45.2667),
(16403, 5, 43, 'SAINT-PIERRE-EYNAC', '43260', 4.03333, 45.05),
(16404, 3, 43, 'BEAUZAC', '43590', 4.1, 45.25),
(16405, 5, 43, 'SAINT-FRONT', '43550', 4.13333, 44.9833),
(16406, 7, 43, 'LANDOS', '43340', 3.83333, 44.85),
(16407, 3, 43, 'VOREY', '43800', 3.9, 45.1833),
(16408, 7, 43, 'SIAUGUES-SAINTE-MARIE', '43300', 3.6325, 45.0937),
(16409, 5, 43, 'GOUDET', '43150', 3.91667, 44.8833),
(16410, 6, 43, 'LORLANGES', '43360', 3.26667, 45.3333),
(16411, 3, 43, 'BAS-EN-BASSET', '43210', 4.1, 45.3),
(16412, 6, 43, 'FRUGIERES-LE-PIN', '43230', 3.5, 45.2667),
(16413, 3, 43, 'ALLEGRE', '43270', 3.7, 45.2),
(16414, 3, 43, 'SAINT-JULIEN-D\'ANCE', '43500', 3.91667, 45.3),
(16415, 3, 43, 'VALPRIVAS', '43210', 4.05, 45.3167),
(16416, 6, 43, 'SAINT-VERT', '43440', 3.55, 45.3667),
(16417, 6, 43, 'LAVOUTE-CHILHAC', '43380', 3.4, 45.15),
(16418, 3, 43, 'SANSSAC-L\'EGLISE', '43320', 3.76667, 45.05),
(16419, 3, 43, 'MEZERES', '43800', 4, 45.15),
(16420, 3, 43, 'SAINT-PAL-DE-MONS', '43620', 4.28333, 45.2333),
(16421, 5, 43, 'CHAMPCLAUSE', '43260', 4.175, 45.025),
(16422, 3, 43, 'TIRANGES', '43130', 3.98333, 45.3),
(16423, 7, 43, 'SAINT-ARCONS-D\'ALLIER', '43300', 3.56667, 45.0667),
(16424, 6, 43, 'LEMPDES-SUR-ALLAGNON', '43410', 3.2721, 45.385),
(16425, 6, 43, 'LA BESSEYRE-SAINT-MARY', '43170', 3.41667, 44.9667),
(16426, 3, 43, 'SAINT-JULIEN-MOLHESABATE', '43220', 4.43333, 45.1833),
(16427, 7, 43, 'SAINT-PAUL-DE-TARTAS', '43420', 3.9, 44.8),
(16428, 5, 43, 'CHADRON', '43150', 3.93333, 44.9667),
(16429, 6, 43, 'PAULHAC', '43100', 3.35, 45.3),
(16430, 3, 43, 'SAINT-JULIEN-DU-PINET', '43200', 4.03333, 45.1333),
(16431, 3, 43, 'LA SEAUVE-SUR-SEMENE', '43140', 4.25, 45.2833),
(16432, 3, 43, 'VERGEZAC', '43320', 3.71667, 45.0333),
(16433, 3, 43, 'SAINT-BONNET-LE-FROID', '43290', 4.45, 45.15),
(16434, 5, 43, 'LANTRIAC', '43260', 4, 45),
(16435, 7, 43, 'PRADES', '43300', 3.59278, 45.0275),
(16436, 3, 43, 'SAINT-JEAN-DE-NAY', '43320', 3.7, 45.0667),
(16437, 3, 43, 'SOLIGNAC-SUR-LOIRE', '43370', 3.88333, 44.9667),
(16438, 3, 43, 'ESPALY-SAINT-MARCEL', '43000', 3.86667, 45.05),
(16439, 5, 43, 'FREYCENET-LA-CUCHE', '43150', 4.1, 44.8833),
(16440, 3, 43, 'RAUCOULES', '43290', 4.3, 45.1833),
(16441, 6, 43, 'CHANALEILLES', '43170', 3.5, 44.8667),
(16442, 6, 43, 'SAINT-AUSTREMOINE', '43380', 3.38333, 45.1167),
(16443, 5, 43, 'CHAUDEYROLLES', '43430', 4.25, 44.95),
(16444, 3, 43, 'CUSSAC-SUR-LOIRE', '43370', 3.87111, 44.99),
(16445, 6, 43, 'CHAVANIAC-LAFAYETTE', '43230', 3.58333, 45.15),
(16446, 5, 43, 'FAY-SUR-LIGNON', '43430', 4.23333, 44.9833),
(16447, 7, 43, 'LE BOUCHET-SAINT-NICOLAS', '43510', 3.78333, 44.8833),
(16448, 5, 43, 'PRESAILLES', '43150', 4.03333, 44.9),
(16449, 3, 43, 'CISTRIERES', '43160', 3.61667, 45.3167),
(16450, 6, 43, 'SAINT-ETIENNE-SUR-BLESLE', '43450', 3.13333, 45.3167),
(16451, 6, 43, 'CHAMBEZON', '43410', 3.23333, 45.3833),
(16452, 6, 43, 'LUBILHAC', '43100', 3.25, 45.25),
(16453, 6, 43, 'SAINT-GEORGES-D\'AURAC', '43230', 3.53333, 45.15),
(16454, 6, 43, 'AUZON', '43390', 3.38333, 45.3833),
(16455, 3, 43, 'CHASPINHAC', '43700', 3.95, 45.0833),
(16456, 6, 43, 'SAINT-PRIVAT-DU-DRAGON', '43380', 3.46667, 45.1833),
(16457, 7, 43, 'LANGEAC', '43300', 3.48333, 45.1),
(16458, 7, 43, 'MAZEYRAT-D\'ALLIER', '43300', 3.52806, 45.1209),
(16459, 6, 43, 'FERRUSSAC', '43300', 3.41667, 45.1),
(16460, 6, 43, 'SAINT-BEAUZIRE', '43100', 3.2675, 45.275),
(16461, 7, 43, 'ARLEMPDES', '43490', 3.91667, 44.8667),
(16462, 6, 43, 'TAILHAC', '43300', 3.46667, 45.05),
(16463, 3, 43, 'BEAUX', '43200', 4.1, 45.1833),
(16464, 3, 43, 'BAINS', '43370', 3.76667, 45.0167),
(16465, 3, 43, 'AUREC-SUR-LOIRE', '43110', 4.2, 45.3667),
(16466, 5, 43, 'LE MONASTIER-SUR-GAZEILLE', '43150', 3.99528, 44.9392),
(16467, 3, 43, 'ROCHE-EN-REGNIER', '43130', 3.93333, 45.2167),
(16468, 3, 43, 'BERBEZIT', '43160', 3.6, 45.2833),
(16469, 6, 43, 'CHILHAC', '43380', 3.45, 45.15),
(16470, 3, 43, 'SAINT-GERMAIN-LAPRADE', '43700', 3.96667, 45.0333),
(16471, 3, 43, 'ARAULES', '43200', 4.16667, 45.0833),
(16472, 6, 43, 'CUBELLES', '43170', 3.58333, 45),
(16473, 7, 43, 'SAINT-ETIENNE-DU-VIGAN', '43420', 3.83333, 44.7833),
(16474, 6, 43, 'SAINT-VENERAND', '43580', 3.66667, 44.8667),
(16475, 6, 43, 'SAUGUES', '43170', 3.55, 44.9667),
(16476, 3, 43, 'CEYSSAC', '43000', 3.81667, 45.0333),
(16477, 6, 43, 'PINOLS', '43300', 3.41667, 45.05),
(16478, 6, 43, 'SAINTE-EUGENIE-DE-VILLENEUVE', '43230', 3.61667, 45.1333),
(16479, 3, 43, 'LISSAC', '43350', 3.76667, 45.1333),
(16480, 7, 43, 'BARGES', '43340', 3.9, 44.8333),
(16481, 3, 43, 'RIOTORD', '43220', 4.4, 45.2333),
(16482, 6, 43, 'CROISANCES', '43580', 3.6, 44.9),
(16483, 5, 43, 'ALLEYRAC', '43150', 3.96667, 44.8833),
(16484, 3, 43, 'SAINT-MAURICE-DE-LIGNON', '43200', 4.15, 45.2167),
(16485, 7, 43, 'LAFARRE', '43490', 3.98973, 44.8423),
(16486, 3, 43, 'BELLEVUE-LA-MONTAGNE', '43350', 3.81667, 45.2167),
(16487, 6, 43, 'BOURNONCLE-SAINT-PIERRE', '43360', 3.31667, 45.3333),
(16488, 3, 43, 'AIGUILHE', '43000', 3.88473, 45.0509),
(16489, 3, 43, 'LES VILLETTES', '43600', 4.18333, 45.2333),
(16490, 6, 43, 'FRUGERES-LES-MINES', '43250', 3.31667, 45.3833),
(16491, 3, 43, 'MONTFAUCON-EN-VELAY', '43290', 4.31362, 45.185),
(16492, 6, 43, 'SAINT-HILAIRE', '43390', 3.43899, 45.3807),
(16493, 3, 43, 'LA CHAPELLE-BERTIN', '43270', 3.65, 45.2167),
(16494, 3, 43, 'SAINT-JEAN-D\'AUBRIGOUX', '43500', 3.81667, 45.35),
(16495, 7, 43, 'CHARRAIX', '43300', 3.56667, 45.0333),
(16496, 6, 43, 'AUVERS', '43300', 3.41667, 45),
(16497, 3, 43, 'LAVOUTE-SUR-LOIRE', '43800', 3.9, 45.1167),
(16498, 3, 43, 'SAINT-CHRISTOPHE-SUR-DOLAISON', '43370', 3.81667, 45),
(16499, 3, 43, 'MAZET-SAINT-VOY', '43520', 4.23333, 45.05),
(16500, 6, 43, 'SAINT-DIDIER-SUR-DOULON', '43440', 3.55, 45.3),
(16501, 3, 43, 'VERNASSAL', '43270', 3.7, 45.15),
(16502, 7, 43, 'VIELPRAT', '43490', 3.95, 44.85),
(16503, 3, 43, 'LE MAS-DE-TENCE', '43190', 4.36667, 45.1167),
(16504, 3, 43, 'LAPTE', '43200', 4.21667, 45.1833),
(16505, 3, 43, 'DUNIERES', '43220', 4.33333, 45.2167),
(16506, 3, 43, 'CHAMALIERES-SUR-LOIRE', '43800', 3.98333, 45.2),
(16507, 5, 43, 'SAINT-ETIENNE-LARDEYROL', '43260', 4, 45.0667),
(16508, 6, 43, 'VEZEZOUX', '43390', 3.35, 45.4),
(16509, 3, 43, 'FIX-SAINT-GENEYS', '43320', 3.66667, 45.1333),
(16510, 6, 43, 'JAVAUGUES', '43100', 3.48333, 45.2833),
(16511, 3, 43, 'LE MONTEIL', '43700', 3.91473, 45.0656),
(16512, 6, 43, 'SAINT-LAURENT-CHABREUGES', '43100', 3.35, 45.2833),
(16513, 6, 43, 'CHANIAT', '43100', 3.48333, 45.3167),
(16514, 3, 43, 'COUBON', '43700', 3.91667, 45),
(16515, 3, 43, 'SAINT-GEORGES-LAGRICOL', '43500', 3.88611, 45.2981),
(16516, 6, 43, 'SALZUIT', '43230', 3.5, 45.2167),
(16517, 7, 43, 'SAINT-DIDIER-D\'ALLIER', '43580', 3.68333, 44.9667),
(16518, 7, 43, 'SAINT-JEAN-LACHALM', '43510', 3.71667, 44.9667),
(16519, 7, 43, 'CHANTEUGES', '43300', 3.55, 45.0667),
(16520, 6, 43, 'DOMEYRAT', '43230', 3.51667, 45.25),
(16521, 3, 43, 'LA CHAPELLE-D\'AUREC', '43120', 4.2, 45.3333),
(16522, 5, 43, 'LES VASTRES', '43430', 4.26112, 44.9892),
(16523, 6, 43, 'AGNAT', '43100', 3.46667, 45.35),
(16524, 3, 43, 'ARSAC-EN-VELAY', '43700', 3.95, 44.9833),
(16525, 3, 43, 'SAINTE-SIGOLENE', '43600', 4.25, 45.2333),
(16526, 5, 43, 'LE PERTUIS', '43200', 4.05, 45.1),
(16527, 3, 43, 'LE PUY-EN-VELAY', '43000', 3.88583, 45.0442),
(16528, 7, 43, 'SAINT-BERAIN', '43300', 3.63333, 45.0333),
(16529, 3, 43, 'SAINT-ANDRE-DE-CHALENCON', '43130', 4, 45.2833),
(16530, 3, 43, 'MONTREGARD', '43290', 4.35, 45.15),
(16531, 7, 43, 'SAINT-ARCONS-DE-BARGES', '43420', 3.93333, 44.8333),
(16532, 3, 43, 'CHENEREILLES', '43190', 4.23333, 45.1333),
(16533, 5, 43, 'QUEYRIERES', '43260', 4.1, 45.0667),
(16534, 6, 43, 'JAX', '43230', 3.61667, 45.1667),
(16535, 5, 43, 'SAINT-HOSTIEN', '43260', 4.05, 45.0667),
(16536, 6, 43, 'CHASTEL', '43300', 3.31667, 45.0833),
(16537, 3, 43, 'CHADRAC', '43770', 3.9, 45.0667),
(16538, 5, 43, 'LES ESTABLES', '43150', 4.15, 44.9083),
(16539, 3, 43, 'CHASPUZAC', '43320', 3.73333, 45.0667),
(16540, 6, 43, 'GREZES', '43170', 3.5, 44.9167),
(16541, 3, 43, 'SAINT-PIERRE-DU-CHAMP', '43810', 3.89945, 45.2478),
(16542, 3, 43, 'SAINT-PAL-DE-CHALENCON', '43500', 3.95695, 45.3567),
(16543, 3, 43, 'SAINT-ROMAIN-LACHALM', '43620', 4.33333, 45.2667),
(16544, 6, 43, 'ESPALEM', '43450', 3.25, 45.3167),
(16545, 7, 43, 'COSTAROS', '43490', 3.83333, 44.9),
(16546, 6, 43, 'SAINTE-MARGUERITE', '43230', 3.58333, 45.2),
(16547, 3, 43, 'SAINT-VINCENT', '43800', 3.90945, 45.1442),
(16548, 6, 43, 'LA CHOMETTE', '43230', 3.48333, 45.2333),
(16549, 3, 43, 'LAVAL-SUR-DOULON', '43440', 3.58333, 45.35),
(16550, 6, 43, 'CHASSAGNES', '43230', 3.55, 45.2167),
(16551, 3, 43, 'PONT-SALOMON', '43330', 4.25, 45.3333),
(16552, 3, 43, 'CRAPONNE-SUR-ARZON', '43500', 3.85, 45.3333),
(16553, 3, 43, 'FELINES', '43160', 3.75, 45.2667),
(16554, 6, 43, 'AUBAZAT', '43380', 3.45, 45.1333),
(16555, 6, 43, 'SAINT-GERON', '43360', 3.28333, 45.3333),
(16556, 3, 43, 'BESSAMOREL', '43200', 4.08723, 45.1206),
(16557, 3, 43, 'SAINT-DIDIER-EN-VELAY', '43140', 4.28333, 45.3),
(16558, 7, 43, 'CAYRES', '43510', 3.8, 44.9167),
(16559, 7, 43, 'OUIDES', '43510', 3.73333, 44.9),
(16560, 7, 43, 'SENEUJOLS', '43510', 3.78333, 44.9667),
(16561, 3, 43, 'SAINT-VIDAL', '43320', 3.78333, 45.0667),
(16562, 6, 43, 'COHADE', '43100', 3.38333, 45.3333),
(16563, 3, 43, 'VARENNES-SAINT-HONORAT', '43270', 3.63333, 45.1833),
(16564, 3, 43, 'SAINT-VICTOR-SUR-ARLANC', '43500', 3.78333, 45.3333),
(16565, 6, 43, 'CHAZELLES', '43300', 3.48806, 45.0192),
(16566, 5, 43, 'SALETTES', '43150', 3.96528, 44.8634),
(16567, 6, 43, 'SAINT-CIRGUES', '43380', 3.41667, 45.15),
(16568, 6, 43, 'CERZAT', '43380', 3.48333, 45.1667),
(16569, 6, 43, 'SAINT-ILPIZE', '43380', 3.4, 45.2),
(16570, 6, 43, 'LAMOTHE', '43100', 3.42445, 45.3131),
(16571, 6, 43, 'CRONCE', '43300', 3.36667, 45.1),
(16572, 6, 43, 'MONTCLARD', '43230', 3.56667, 45.2667),
(16573, 6, 43, 'ESPLANTAS', '43170', 3.56667, 44.9),
(16574, 6, 43, 'ARLET', '43380', 3.43333, 45.1167),
(16575, 3, 43, 'MONLET', '43270', 3.71667, 45.2167),
(16576, 3, 43, 'YSSINGEAUX', '43200', 4.11667, 45.1333),
(16577, 3, 43, 'MALVALETTE', '43210', 4.15, 45.35),
(16578, 6, 43, 'PAULHAGUET', '43230', 3.53333, 45.2),
(16579, 6, 43, 'BLESLE', '43450', 3.18333, 45.3167),
(16580, 7, 43, 'ALLEYRAS', '43580', 3.68333, 44.9),
(16581, 3, 43, 'SAINT-JUST-MALMONT', '43240', 4.31667, 45.3333),
(16582, 5, 43, 'FREYCENET-LA-TOUR', '43150', 4.06667, 44.9333),
(16583, 3, 43, 'BRIVES-CHARENSAC', '43700', 3.93333, 45.05),
(16584, 3, 43, 'RETOURNAC', '43130', 4.03333, 45.2),
(16585, 3, 43, 'LA CHAISE-DIEU', '43160', 3.7, 45.3167),
(16586, 3, 43, 'CONNANGLES', '43160', 3.65, 45.3),
(16587, 3, 43, 'VALS-PRES-LE-PUY', '43750', 3.86667, 45.0167),
(16588, 3, 43, 'BEAUNE-SUR-ARZON', '43500', 3.81667, 45.2833),
(16589, 6, 43, 'VILLENEUVE-D\'ALLIER', '43380', 3.4, 45.2),
(16590, 6, 43, 'COLLAT', '43230', 3.61667, 45.25),
(16591, 6, 43, 'CHAMPAGNAC-LE-VIEUX', '43440', 3.5, 45.35),
(16592, 6, 43, 'VALS-LE-CHASTEL', '43230', 3.53333, 45.2667),
(16593, 3, 43, 'SAINT-FERREOL-D\'AUROURE', '43330', 4.25, 45.35),
(16594, 3, 43, 'JULLIANGES', '43500', 3.78333, 45.3),
(16595, 3, 43, 'LE VERNET', '43320', 3.66667, 45.0333),
(16596, 3, 43, 'CEAUX-D\'ALLEGRE', '43270', 3.73333, 45.1667),
(16597, 6, 43, 'MERCOEUR', '43100', 3.29335, 45.1918),
(16598, 3, 43, 'SAINT-PRIVAT-D\'ALLIER', '43580', 3.68333, 44.9833),
(16599, 7, 43, 'SAINT-HAON', '43340', 3.75, 44.85),
(16600, 5, 43, 'MONTUSCLAT', '43260', 4.13333, 45.0167),
(16601, 3, 43, 'ROSIERES', '43800', 3.98333, 45.1333),
(16602, 6, 43, 'THORAS', '43170', 3.56667, 44.8667),
(16603, 6, 43, 'VERGONGHEON', '43360', 3.33333, 45.3667),
(16604, 6, 43, 'SAINT-JUST-PRES-BRIOUDE', '43100', 3.36667, 45.2333),
(16605, 6, 43, 'SAINT-CHRISTOPHE-D\'ALLIER', '43340', 3.70445, 44.8556),
(16606, 6, 43, 'SAINT-PREJET-ARMANDON', '43230', 3.55, 45.25),
(16607, 3, 43, 'MALREVERS', '43800', 3.95, 45.1),
(16608, 3, 43, 'MALVIERES', '43160', 3.73333, 45.3333),
(16609, 6, 43, 'LAVAUDIEU', '43100', 3.46667, 45.2667),
(16610, 7, 43, 'PRADELLES', '43420', 3.88223, 44.7695),
(16611, 7, 43, 'RAURET', '43340', 3.78333, 44.8167),
(16612, 3, 43, 'SAINT-PAL-DE-SENOUIRE', '43160', 3.65, 45.2667),
(16613, 3, 43, 'SAINT-VICTOR-MALESCOURS', '43140', 4.31667, 45.2833),
(16614, 6, 43, 'MAZERAT-AUROUZE', '43230', 3.56667, 45.1833);

INSERT INTO `canton_departement` (`canton_id`, `departement_id`) VALUES
(1, 42),
(2, 42),
(3, 43),
(4, 42),
(5, 43),
(6, 43),
(7, 43),
(8, 42);

INSERT INTO `etat_commande` (`id`, `etat`) VALUES
(1, 'Commande validée'),
(4, 'En cours de préparation'),
(5, 'Commande expédiée'),
(6, 'Commande reçue');

INSERT INTO `sous_categorie` (`id`, `nom`, `categorie_id`) VALUES
(12, 'Siège', 6),
(13, 'Chaussettes', 7),
(14, 'tables', 6);

INSERT INTO `entreprise` (`id`, `nom`, `adresse`, `telephone`, `ville_id`, `email`, `siret`, `description`) VALUES
(8, 'test', 'testesteste', '0123456789', 16132, 'test@test.fr', '000000000000000', 'test'),
(9, 'test2', 'fcejz hfejszkf ejk', '0123456789', 16063, 'test2@test2.fr', '050520152', 'Le Lorem Ipsum est simplement du faux texte employé dans la composition et la mise en page avant impression. Le Lorem Ipsum est le faux texte standard de l\'imprimerie depuis les années 1500, quand un imprimeur anonyme assembla ensemble des morceaux de texte pour réaliser un livre spécimen de polices de texte. Il n\'a pas fait que survivre cinq siècles, mais s\'est aussi adapté à la bureautique informatique, sans que son contenu n\'en soit modifié. Il a été popularisé dans les années 1960 grâce à la vente de feuilles Letraset contenant des passages du Lorem Ipsum, et, plus récemment, par son inclusion dans des applications de mise en page de texte, comme Aldus PageMaker.');

INSERT INTO `adresse_livraison` (`id`, `ville_id`, `adresse`, `informations_importantes`) VALUES
(3, 16028, 'drsfge dfsgv erzdfg resz', 'reg sedg'),
(4, 16028, 'drsfge dfsgv erzdfg resz', 'regdfb f');

INSERT INTO `utilisateur` (`id`, `ville_id`, `entreprise_id`, `adresse_livraison_id`, `email`, `roles`, `password`, `nom`, `prenom`, `telephone`, `vendeur`, `adresse`, `is_verified`, `activation_token`, `token_mdp`, `actif`) VALUES
(20, 16325, NULL, NULL, 'admin@admin.admin', '[\"ROLE_ADMIN\"]', '$argon2id$v=19$m=65536,t=4,p=1$VlFMLnVsVnFiQkE3NXVhYQ$/t9/cSTbOIVE4x7BftlwfGf2Jza/Ak9rlEEmf963IaI', 'admin', 'admin', '0987654321', 0, 'adminadmin', 0, '91f773ca384330efc07e9dcf22b4e41f', NULL, 1),
(21, 16191, NULL, NULL, 'user@user.user', '[\"ROLE_USER\"]', '$argon2id$v=19$m=65536,t=4,p=1$YU5WZUR0Z2xGcFZvZmlIUg$19aEub62aC7tV0aGk5VEWjo4hjGkx5fvCYkLCmjnERY', 'user', 'user', '01234565789', 0, 'useruser', 0, '7a742da68c240d73808838eab36cd2d3', NULL, 1),
(22, 16042, 10, NULL, 'vendeur@vendeur.vendeur', '[\"ROLE_USER\"]', '$argon2id$v=19$m=65536,t=4,p=1$c3paSzE1dUFsajBYZXN5eg$IzoyRpCIE1nsP3K7Ni1PFehWOX7BbE33F6sZvA0y9s4', 'vendeur', 'vendeur', '0987654321', 0, 'vendeurvendeur', 0, '522608844e5147e2eb2c75f6310794ff', NULL, 1);

INSERT INTO `utilisateur` (`id`, `ville_id`, `email`, `roles`, `password`, `nom`, `prenom`, `telephone`, `vendeur`, `adresse`, `is_verified`, `entreprise_id`, `activation_token`, `token_mdp`, `adresse_livraison_id`, `actif`) VALUES
(15, 16132, 'test@test.fr', '[\"ROLE_USER\"]', '$argon2id$v=19$m=65536,t=4,p=1$dGJORGVOVkxuQThySUdBag$NjPl2gXdrHDMoATbowLA8gHQHGpv896xqfB9g9VR4/o', 'test', 'test', '0123456789', 1, 'ez fezf ezf', 0, 8, '2fa9028ec4e2d325a934d7225adad4a1', NULL, NULL, 1),
(16, 16576, 'dombouif2@gmail.com', '[\"ROLE_ADMIN\"]', '$argon2id$v=19$m=65536,t=4,p=1$eDNNV3FBQXk1a3BSREtiOQ$/japPc1FD78bxMj1mcHD1v6OohXoEwtc48IlQ0AkSLo', 'benoit', 'domnin', '0123456789', 0, 'rue des colibri', 0, NULL, '0220d67340847550645d008f1d445d2f', NULL, 3, 1),
(18, 16063, 'test2@test2.fr', '[\"ROLE_USER\"]', '$argon2id$v=19$m=65536,t=4,p=1$OTM1ZGguTy9rM1JNNFlDTQ$6+Atrpg1JSbYT+ZAggG3Vz07ZYFu4gnVlohTWIewjq0', 'test2', 'test2', '0123456789', 1, 'dzebhai ehjszf eqjskl', 0, 9, 'b31ea575e5377a22bb735ad9672e6bf9', NULL, 4, 1),
(19, 16256, 'test3@test.fr', '[\"ROLE_USER\"]', '$argon2id$v=19$m=65536,t=4,p=1$V28uaVFRVmdZQm1TZXF5RA$EWl2IrJN0o6nqBxjtdU2NIhGIFOD2g1NaShTW6BD/Y0', 'test3', 'test', '0123456789', 0, 'ez fezf ezf', 0, NULL, '61b73278327c9530953c9756bf5cb540', NULL, NULL, 1);


INSERT INTO `commande` (`id`, `utilisateur_id`, `prix`, `date_commande`, `date_livraison`, `code_commande`, `descriptif`, `adresse_livraison_id`, `etat`) VALUES
(24, 16, 123, '2021-09-16', '2021-09-17', '01', 'tabouret', 3, '6'),
(25, 18, 200, '2021-09-14', '2021-09-16', '02', 'une table', 4, '6');

INSERT INTO `produit` (`id`, `nom_article`, `description`, `prix`, `etat_vente`, `stock`, `code_produit`, `entreprise_id`, `sous_categorie_id`, `categorie_id`) VALUES
(21, 'tabouret', 'un jolie tabouret', 123, 'Disponible', 1, '421600080080060120021', 8, 12, 6),
(22, 'table basse', 'Le Lorem Ipsum est simplement du faux texte employé dans la composition et la mise en page avant impression. Le Lorem Ipsum est le faux texte standard de l\'imprimerie depuis les années 1500, quand un imprimeur anonyme assembla ensemble des morceaux de texte pour réaliser un livre spécimen de polices de texte. Il n\'a pas fait que survivre cinq siècles, mais s\'est aussi adapté à la bureautique informatique, sans que son contenu n\'en soit modifié. Il a été popularisé dans les années 1960 grâce à la vente de feuilles Letraset contenant des passages du Lorem Ipsum, et, plus récemment, par son inclusion dans des applications de mise en page de texte, comme Aldus PageMaker.', 200, 'Disponible', 1, '421600080080060140022', 8, 14, 6),
(23, 'table de salon', 'Le Lorem Ipsum est simplement du faux texte employé dans la composition et la mise en page avant impression. Le Lorem Ipsum est le faux texte standard de l\'imprimerie depuis les années 1500, quand un imprimeur anonyme assembla ensemble des morceaux de texte pour réaliser un livre spécimen de polices de texte. Il n\'a pas fait que survivre cinq siècles, mais s\'est aussi adapté à la bureautique informatique, sans que son contenu n\'en soit modifié. Il a été popularisé dans les années 1960 grâce à la vente de feuilles Letraset contenant des passages du Lorem Ipsum, et, plus récemment, par son inclusion dans des applications de mise en page de texte, comme Aldus PageMaker.', 300, 'Disponible', 1, '421600080080060140023', 8, 14, 6),
(24, 'petite table coloré', 'Le Lorem Ipsum est simplement du faux texte employé dans la composition et la mise en page avant impression. Le Lorem Ipsum est le faux texte standard de l\'imprimerie depuis les années 1500, quand un imprimeur anonyme assembla ensemble des morceaux de texte pour réaliser un livre spécimen de polices de texte. Il n\'a pas fait que survivre cinq siècles, mais s\'est aussi adapté à la bureautique informatique, sans que son contenu n\'en soit modifié. Il a été popularisé dans les années 1960 grâce à la vente de feuilles Letraset contenant des passages du Lorem Ipsum, et, plus récemment, par son inclusion dans des applications de mise en page de texte, comme Aldus PageMaker.', 90, 'Disponible', 1, '421600080080060140024', 8, 14, 6),
(25, 'petite table coloré', 'gyui gyui', 1000, 'Disponible', 10, '421300080090060140025', 9, 14, 6),
(26, 'test', 'test', 100, 'Disponible', 2, '421600080080060120026', 8, 12, 6);

INSERT INTO `fichier` (`id`, `url_fichier`, `entreprise_id`, `produit_id`, `type_fichier`) VALUES
(95, 'ff691984c7e276254f969151ba5bed28.png', 8, NULL, 'Document_Kbis_Entreprise'),
(96, '0b311a9bda089849417a82592faab706.png', 8, NULL, 'Document_carte_ID_Entreprise'),
(97, '1c3b51c2399b1ab0a371906a14d6b375.jpg', NULL, 21, 'Photos_presentation_entreprise'),
(98, '1127414e5e74125028659a2abedecf00.jpg', NULL, 22, 'Photos_presentation_entreprise'),
(99, '5e5d187a0909a3b3fc557cb558d6d977.jpg', NULL, 23, 'Photos_presentation_entreprise'),
(100, '0993260cbe966552b91cf346345925dc.jpg', NULL, 24, 'Photos_presentation_entreprise'),
(101, '1049bfe0ec00aab42f4223e9cd1361c5.jpg', NULL, 21, 'Photos_presentation_entreprise'),
(102, '1adbed4ecfccac569973d342a8a239b0.jpg', 9, NULL, 'Photos_presentation_entreprise'),
(103, '333fa1256d6009b398552cd75c492e3f.png', 9, NULL, 'Document_Kbis_Entreprise'),
(104, '7d1aa72725a91f2d7d69197007544417.png', 9, NULL, 'Document_carte_ID_Entreprise'),
(107, '91630dfa109c002990dcfecb3514f6df.jpg', NULL, 25, 'Photos_presentation_entreprise'),
(108, 'a2145815e143fa5bec97c42cec08f8ad.jpg', NULL, 21, 'Photos_presentation_entreprise'),
(109, 'a5ffbbb38e357454a2cc899d18943f74.jpg', NULL, 21, 'Photos_presentation_entreprise'),
(110, '8bc063115bb37d717de1765b6995dbc5.jpg', NULL, 21, 'Photos_presentation_entreprise'),
(111, '7fdc6a36155d0b324ef5531de8968542.png', 8, NULL, 'Photos_presentation_entreprise'),
(112, '09872566610b742b0a58d22c83e9e2c3.jpg', 8, NULL, 'Photos_presentation_entreprise'),
(113, 'be0f6d76ce9bf82efd145f985839106a.jpg', NULL, 26, 'Photos_presentation_produit');

COMMIT;